{
  "breed": [
    {
      "id": "113",
      "title": "Австралийская келпи",
      "pet_type_id": "2"
    },
    {
      "id": "114",
      "title": "Азиатская овчарка",
      "pet_type_id": "2"
    },
    {
      "id": "115",
      "title": "Акита-ину",
      "pet_type_id": "2"
    },
    {
      "id": "116",
      "title": "Алабай",
      "pet_type_id": "2"
    },
    {
      "id": "117",
      "title": "Алано",
      "pet_type_id": "2"
    },
    {
      "id": "118",
      "title": "Альпийская овчарка",
      "pet_type_id": "2"
    },
    {
      "id": "119",
      "title": "Американская акита",
      "pet_type_id": "2"
    },
    {
      "id": "120",
      "title": "Американский бульдог",
      "pet_type_id": "2"
    },
    {
      "id": "121",
      "title": "Американский голый терьер",
      "pet_type_id": "2"
    },
    {
      "id": "122",
      "title": "Американский кокер-спаниель",
      "pet_type_id": "2"
    },
    {
      "id": "123",
      "title": "Американский питбультерьер",
      "pet_type_id": "2"
    },
    {
      "id": "124",
      "title": "Американский стаф-терьер",
      "pet_type_id": "2"
    },
    {
      "id": "125",
      "title": "Английский бульдог",
      "pet_type_id": "2"
    },
    {
      "id": "126",
      "title": "Английский бульмастиф",
      "pet_type_id": "2"
    },
    {
      "id": "127",
      "title": "Английский коккер-спаниель",
      "pet_type_id": "2"
    },
    {
      "id": "128",
      "title": "Английский мастиф",
      "pet_type_id": "2"
    },
    {
      "id": "129",
      "title": "Английский сеттер",
      "pet_type_id": "2"
    },
    {
      "id": "130",
      "title": "Английский спаниель",
      "pet_type_id": "2"
    },
    {
      "id": "131",
      "title": "Английский стафбуль-терьер",
      "pet_type_id": "2"
    },
    {
      "id": "132",
      "title": "Англо-русская гончая",
      "pet_type_id": "2"
    },
    {
      "id": "133",
      "title": "Англо-русская пегая гончая",
      "pet_type_id": "2"
    },
    {
      "id": "134",
      "title": "Аргентинский дог",
      "pet_type_id": "2"
    },
    {
      "id": "135",
      "title": "Аргентинский зомус",
      "pet_type_id": "2"
    },
    {
      "id": "136",
      "title": "Афганская борзая",
      "pet_type_id": "2"
    },
    {
      "id": "137",
      "title": "Африканский бурбуль",
      "pet_type_id": "2"
    },
    {
      "id": "138",
      "title": "б/п",
      "pet_type_id": "2"
    },
    {
      "id": "139",
      "title": "Бардоский дог",
      "pet_type_id": "2"
    },
    {
      "id": "140",
      "title": "Басенджи",
      "pet_type_id": "2"
    },
    {
      "id": "141",
      "title": "Бассерон",
      "pet_type_id": "2"
    },
    {
      "id": "142",
      "title": "Бассет-хаунд",
      "pet_type_id": "2"
    },
    {
      "id": "143",
      "title": "Белая швецарская овчарка",
      "pet_type_id": "2"
    },
    {
      "id": "144",
      "title": "Бельбентон терьер",
      "pet_type_id": "2"
    },
    {
      "id": "145",
      "title": "Бельгийская овчарка",
      "pet_type_id": "2"
    },
    {
      "id": "146",
      "title": "Бельгийский гриффон",
      "pet_type_id": "2"
    },
    {
      "id": "147",
      "title": "Берндский зенненхунд",
      "pet_type_id": "2"
    },
    {
      "id": "148",
      "title": "Бивер",
      "pet_type_id": "2"
    },
    {
      "id": "149",
      "title": "Бигль",
      "pet_type_id": "2"
    },
    {
      "id": "150",
      "title": "Бишон-фризе",
      "pet_type_id": "2"
    },
    {
      "id": "151",
      "title": "Бладхаунд",
      "pet_type_id": "2"
    },
    {
      "id": "152",
      "title": "Бобтейл",
      "pet_type_id": "2"
    },
    {
      "id": "153",
      "title": "Боксер",
      "pet_type_id": "2"
    },
    {
      "id": "154",
      "title": "Болонка",
      "pet_type_id": "2"
    },
    {
      "id": "155",
      "title": "Большая горно-перенейская",
      "pet_type_id": "2"
    },
    {
      "id": "156",
      "title": "Большая японская собака",
      "pet_type_id": "2"
    },
    {
      "id": "157",
      "title": "Бордоский дог",
      "pet_type_id": "2"
    },
    {
      "id": "158",
      "title": "Борзая",
      "pet_type_id": "2"
    },
    {
      "id": "159",
      "title": "Бретонский Эпаньоль",
      "pet_type_id": "2"
    },
    {
      "id": "160",
      "title": "Бриар",
      "pet_type_id": "2"
    },
    {
      "id": "161",
      "title": "Брюссельский гриффон",
      "pet_type_id": "2"
    },
    {
      "id": "162",
      "title": "Бульдог",
      "pet_type_id": "2"
    },
    {
      "id": "163",
      "title": "Бульмастиф",
      "pet_type_id": "2"
    },
    {
      "id": "164",
      "title": "Бультерьер",
      "pet_type_id": "2"
    },
    {
      "id": "165",
      "title": "Бурбуль",
      "pet_type_id": "2"
    },
    {
      "id": "166",
      "title": "Веймаранер",
      "pet_type_id": "2"
    },
    {
      "id": "167",
      "title": "Вельш Корги Пемброк",
      "pet_type_id": "2"
    },
    {
      "id": "168",
      "title": "Вельштерьер",
      "pet_type_id": "2"
    },
    {
      "id": "169",
      "title": "Вест хайлэнд вайт -терьер",
      "pet_type_id": "2"
    },
    {
      "id": "170",
      "title": "Водолаз",
      "pet_type_id": "2"
    },
    {
      "id": "171",
      "title": "Волкодав",
      "pet_type_id": "2"
    },
    {
      "id": "172",
      "title": "Восточно-европ. овчарка",
      "pet_type_id": "2"
    },
    {
      "id": "173",
      "title": "Гановерская гончая",
      "pet_type_id": "2"
    },
    {
      "id": "174",
      "title": "Гладкошерстный фокстерьер",
      "pet_type_id": "2"
    },
    {
      "id": "175",
      "title": "Гончая",
      "pet_type_id": "2"
    },
    {
      "id": "176",
      "title": "Грейхаунд",
      "pet_type_id": "2"
    },
    {
      "id": "177",
      "title": "Грифон",
      "pet_type_id": "2"
    },
    {
      "id": "178",
      "title": "Далматин",
      "pet_type_id": "2"
    },
    {
      "id": "179",
      "title": "Дербентский терьер",
      "pet_type_id": "2"
    },
    {
      "id": "180",
      "title": "Джек-рассел-терьер",
      "pet_type_id": "2"
    },
    {
      "id": "181",
      "title": "Доберман",
      "pet_type_id": "2"
    },
    {
      "id": "182",
      "title": "Дог",
      "pet_type_id": "2"
    },
    {
      "id": "183",
      "title": "Дратхаар",
      "pet_type_id": "2"
    },
    {
      "id": "184",
      "title": "Европейская овчарка",
      "pet_type_id": "2"
    },
    {
      "id": "185",
      "title": "Западно-Сибирская лайка",
      "pet_type_id": "2"
    },
    {
      "id": "186",
      "title": "Золотистый ретривер",
      "pet_type_id": "2"
    },
    {
      "id": "187",
      "title": "Йоркширский терьер",
      "pet_type_id": "2"
    },
    {
      "id": "188",
      "title": "Ирладский терьер",
      "pet_type_id": "2"
    },
    {
      "id": "189",
      "title": "Ирландский сеттер",
      "pet_type_id": "2"
    },
    {
      "id": "190",
      "title": "Кавалер пинг чарльз спаниель",
      "pet_type_id": "2"
    },
    {
      "id": "191",
      "title": "Кавказская овчарка",
      "pet_type_id": "2"
    },
    {
      "id": "192",
      "title": "Кавказский волкодав",
      "pet_type_id": "2"
    },
    {
      "id": "193",
      "title": "Ка-де-бо",
      "pet_type_id": "2"
    },
    {
      "id": "194",
      "title": "Канарский дог",
      "pet_type_id": "2"
    },
    {
      "id": "195",
      "title": "Кане-корсо",
      "pet_type_id": "2"
    },
    {
      "id": "196",
      "title": "Карело-финская лайка",
      "pet_type_id": "2"
    },
    {
      "id": "197",
      "title": "Карликовая болонка",
      "pet_type_id": "2"
    },
    {
      "id": "198",
      "title": "Карликовая лайка",
      "pet_type_id": "2"
    },
    {
      "id": "199",
      "title": "Карликовый пекинес",
      "pet_type_id": "2"
    },
    {
      "id": "200",
      "title": "Карликовый пинчер",
      "pet_type_id": "2"
    },
    {
      "id": "201",
      "title": "Карликовый пудель",
      "pet_type_id": "2"
    },
    {
      "id": "202",
      "title": "Карликовый шпиц",
      "pet_type_id": "2"
    },
    {
      "id": "203",
      "title": "Кери-блю-терьер",
      "pet_type_id": "2"
    },
    {
      "id": "204",
      "title": "Китайская пуховка",
      "pet_type_id": "2"
    },
    {
      "id": "205",
      "title": "Китайская хохлатая",
      "pet_type_id": "2"
    },
    {
      "id": "206",
      "title": "Китайский шар-пей",
      "pet_type_id": "2"
    },
    {
      "id": "207",
      "title": "Кокер-спаниель",
      "pet_type_id": "2"
    },
    {
      "id": "208",
      "title": "Колли",
      "pet_type_id": "2"
    },
    {
      "id": "209",
      "title": "Командор",
      "pet_type_id": "2"
    },
    {
      "id": "210",
      "title": "Корело-финская лайка",
      "pet_type_id": "2"
    },
    {
      "id": "211",
      "title": "Ксолоитцкуинтли",
      "pet_type_id": "2"
    },
    {
      "id": "212",
      "title": "Курцхаар",
      "pet_type_id": "2"
    },
    {
      "id": "213",
      "title": "Лабрадор",
      "pet_type_id": "2"
    },
    {
      "id": "214",
      "title": "Лабрадор-ретривер",
      "pet_type_id": "2"
    },
    {
      "id": "215",
      "title": "Лайка",
      "pet_type_id": "2"
    },
    {
      "id": "216",
      "title": "Лайка корелофинская",
      "pet_type_id": "2"
    },
    {
      "id": "217",
      "title": "Ласса",
      "pet_type_id": "2"
    },
    {
      "id": "218",
      "title": "Левретка",
      "pet_type_id": "2"
    },
    {
      "id": "219",
      "title": "Леонбергер",
      "pet_type_id": "2"
    },
    {
      "id": "220",
      "title": "Лхасский апсо",
      "pet_type_id": "2"
    },
    {
      "id": "221",
      "title": "Маламут",
      "pet_type_id": "2"
    },
    {
      "id": "222",
      "title": "Мальтийская болонка",
      "pet_type_id": "2"
    },
    {
      "id": "223",
      "title": "Мальтийский лев",
      "pet_type_id": "2"
    },
    {
      "id": "224",
      "title": "Мареммо-абруцкая овчарка",
      "pet_type_id": "2"
    },
    {
      "id": "225",
      "title": "Мастино неаполетано",
      "pet_type_id": "2"
    },
    {
      "id": "226",
      "title": "Мастиф",
      "pet_type_id": "2"
    },
    {
      "id": "227",
      "title": "Мексиканская Голая",
      "pet_type_id": "2"
    },
    {
      "id": "228",
      "title": "Мексиканская чихуа-хуа",
      "pet_type_id": "2"
    },
    {
      "id": "229",
      "title": "Метис",
      "pet_type_id": "2"
    },
    {
      "id": "230",
      "title": "Микста (без породы)",
      "pet_type_id": "2"
    },
    {
      "id": "231",
      "title": "Мини Пей",
      "pet_type_id": "2"
    },
    {
      "id": "232",
      "title": "Миттельшнауцер",
      "pet_type_id": "2"
    },
    {
      "id": "233",
      "title": "Мопс",
      "pet_type_id": "2"
    },
    {
      "id": "234",
      "title": "Московская сторожевая",
      "pet_type_id": "2"
    },
    {
      "id": "235",
      "title": "Немецкая короткошерстная легавая",
      "pet_type_id": "2"
    },
    {
      "id": "236",
      "title": "Немецкая овчарка",
      "pet_type_id": "2"
    },
    {
      "id": "237",
      "title": "Немецкий боксер",
      "pet_type_id": "2"
    },
    {
      "id": "238",
      "title": "Немецкий бульдог",
      "pet_type_id": "2"
    },
    {
      "id": "239",
      "title": "Немецкий дог",
      "pet_type_id": "2"
    },
    {
      "id": "240",
      "title": "Немецкий охотничий терьер",
      "pet_type_id": "2"
    },
    {
      "id": "241",
      "title": "Немецкий терьер крысылов",
      "pet_type_id": "2"
    },
    {
      "id": "242",
      "title": "Немецкий шпиц",
      "pet_type_id": "2"
    },
    {
      "id": "243",
      "title": "Немецкий ягдтерьер",
      "pet_type_id": "2"
    },
    {
      "id": "244",
      "title": "Ньюфаундленд",
      "pet_type_id": "2"
    },
    {
      "id": "245",
      "title": "Овчарка",
      "pet_type_id": "2"
    },
    {
      "id": "246",
      "title": "Охотничая",
      "pet_type_id": "2"
    },
    {
      "id": "247",
      "title": "Папильон",
      "pet_type_id": "2"
    },
    {
      "id": "248",
      "title": "Пекинес",
      "pet_type_id": "2"
    },
    {
      "id": "249",
      "title": "Пинчер",
      "pet_type_id": "2"
    },
    {
      "id": "250",
      "title": "Питбультерьер",
      "pet_type_id": "2"
    },
    {
      "id": "251",
      "title": "Пойнтер",
      "pet_type_id": "2"
    },
    {
      "id": "252",
      "title": "Польская овчарка",
      "pet_type_id": "2"
    },
    {
      "id": "253",
      "title": "Пти брабансон",
      "pet_type_id": "2"
    },
    {
      "id": "254",
      "title": "Пудель",
      "pet_type_id": "2"
    },
    {
      "id": "255",
      "title": "Пулли",
      "pet_type_id": "2"
    },
    {
      "id": "256",
      "title": "Рет-поинт",
      "pet_type_id": "2"
    },
    {
      "id": "257",
      "title": "Ретривер",
      "pet_type_id": "2"
    },
    {
      "id": "258",
      "title": "Ризеншнауцер",
      "pet_type_id": "2"
    },
    {
      "id": "259",
      "title": "Родезийский Риджбек",
      "pet_type_id": "2"
    },
    {
      "id": "260",
      "title": "Россель-терьер",
      "pet_type_id": "2"
    },
    {
      "id": "261",
      "title": "Ротвейлер",
      "pet_type_id": "2"
    },
    {
      "id": "262",
      "title": "Русская гончая",
      "pet_type_id": "2"
    },
    {
      "id": "263",
      "title": "Русская пегая борзая",
      "pet_type_id": "2"
    },
    {
      "id": "264",
      "title": "Русская пегая гончая",
      "pet_type_id": "2"
    },
    {
      "id": "265",
      "title": "Русская псовая борзая",
      "pet_type_id": "2"
    },
    {
      "id": "266",
      "title": "Русский спаниель",
      "pet_type_id": "2"
    },
    {
      "id": "267",
      "title": "Русский тойтерьер",
      "pet_type_id": "2"
    },
    {
      "id": "268",
      "title": "Русско-пегая",
      "pet_type_id": "2"
    },
    {
      "id": "269",
      "title": "Сенбернар",
      "pet_type_id": "2"
    },
    {
      "id": "270",
      "title": "Сеттер - гордон",
      "pet_type_id": "2"
    },
    {
      "id": "271",
      "title": "Сиба",
      "pet_type_id": "2"
    },
    {
      "id": "272",
      "title": "Сибирский хаски",
      "pet_type_id": "2"
    },
    {
      "id": "273",
      "title": "Скай-терьер",
      "pet_type_id": "2"
    },
    {
      "id": "274",
      "title": "Скотч-терьер",
      "pet_type_id": "2"
    },
    {
      "id": "275",
      "title": "Спаниель",
      "pet_type_id": "2"
    },
    {
      "id": "276",
      "title": "Среднеазиатская овчарка",
      "pet_type_id": "2"
    },
    {
      "id": "277",
      "title": "Среднеазиатский алабай",
      "pet_type_id": "2"
    },
    {
      "id": "278",
      "title": "Среднеазиатский волкодав",
      "pet_type_id": "2"
    },
    {
      "id": "279",
      "title": "Среднеевропейская овчарка",
      "pet_type_id": "2"
    },
    {
      "id": "280",
      "title": "Средний немецкий шпиц",
      "pet_type_id": "2"
    },
    {
      "id": "281",
      "title": "Стафф. бультерьер",
      "pet_type_id": "2"
    },
    {
      "id": "282",
      "title": "Стаффордшир-терьер",
      "pet_type_id": "2"
    },
    {
      "id": "283",
      "title": "Стрэдфорд",
      "pet_type_id": "2"
    },
    {
      "id": "284",
      "title": "Тазы",
      "pet_type_id": "2"
    },
    {
      "id": "285",
      "title": "Тайский риджбек",
      "pet_type_id": "2"
    },
    {
      "id": "286",
      "title": "Такса",
      "pet_type_id": "2"
    },
    {
      "id": "287",
      "title": "Такса длинношерстная",
      "pet_type_id": "2"
    },
    {
      "id": "288",
      "title": "Такса жесткошерстная",
      "pet_type_id": "2"
    },
    {
      "id": "289",
      "title": "Такса карликовая",
      "pet_type_id": "2"
    },
    {
      "id": "290",
      "title": "Такса Кроличья",
      "pet_type_id": "2"
    },
    {
      "id": "291",
      "title": "Терьер",
      "pet_type_id": "2"
    },
    {
      "id": "292",
      "title": "Тибетская овчарка",
      "pet_type_id": "2"
    },
    {
      "id": "293",
      "title": "тибетский мастиф",
      "pet_type_id": "2"
    },
    {
      "id": "294",
      "title": "Тибетский спаниель",
      "pet_type_id": "2"
    },
    {
      "id": "295",
      "title": "Тибетский терьер",
      "pet_type_id": "2"
    },
    {
      "id": "296",
      "title": "Тибетский ши-тцу",
      "pet_type_id": "2"
    },
    {
      "id": "297",
      "title": "Тойпинчер",
      "pet_type_id": "2"
    },
    {
      "id": "298",
      "title": "Тойпудель",
      "pet_type_id": "2"
    },
    {
      "id": "299",
      "title": "Тойтерьер",
      "pet_type_id": "2"
    },
    {
      "id": "300",
      "title": "Тойтерьер-длинношёрстный",
      "pet_type_id": "2"
    },
    {
      "id": "301",
      "title": "Турецкий ван",
      "pet_type_id": "2"
    },
    {
      "id": "302",
      "title": "Туркменский волкодав",
      "pet_type_id": "2"
    },
    {
      "id": "303",
      "title": "Уиппет",
      "pet_type_id": "2"
    },
    {
      "id": "305",
      "title": "Фила Бразилейру",
      "pet_type_id": "2"
    },
    {
      "id": "306",
      "title": "Фокстерьер",
      "pet_type_id": "2"
    },
    {
      "id": "307",
      "title": "Французская болонка",
      "pet_type_id": "2"
    },
    {
      "id": "308",
      "title": "Французский бульдог",
      "pet_type_id": "2"
    },
    {
      "id": "309",
      "title": "Хаски",
      "pet_type_id": "2"
    },
    {
      "id": "310",
      "title": "Цверг-пинчер",
      "pet_type_id": "2"
    },
    {
      "id": "311",
      "title": "Цверг-терьер",
      "pet_type_id": "2"
    },
    {
      "id": "312",
      "title": "Цверг-шнауцер",
      "pet_type_id": "2"
    },
    {
      "id": "313",
      "title": "Чау-чау",
      "pet_type_id": "2"
    },
    {
      "id": "314",
      "title": "Черный терьер",
      "pet_type_id": "2"
    },
    {
      "id": "315",
      "title": "Чесапик-бэй",
      "pet_type_id": "2"
    },
    {
      "id": "316",
      "title": "Чивини",
      "pet_type_id": "2"
    },
    {
      "id": "317",
      "title": "Чихуахуа",
      "pet_type_id": "2"
    },
    {
      "id": "318",
      "title": "Шапирке",
      "pet_type_id": "2"
    },
    {
      "id": "319",
      "title": "Шар-пей",
      "pet_type_id": "2"
    },
    {
      "id": "320",
      "title": "Шелти",
      "pet_type_id": "2"
    },
    {
      "id": "321",
      "title": "Шиба",
      "pet_type_id": "2"
    },
    {
      "id": "322",
      "title": "Ши-тцу",
      "pet_type_id": "2"
    },
    {
      "id": "323",
      "title": "Шнауцер",
      "pet_type_id": "2"
    },
    {
      "id": "324",
      "title": "Шотландская овчарка",
      "pet_type_id": "2"
    },
    {
      "id": "325",
      "title": "Шотландский сеттер",
      "pet_type_id": "2"
    },
    {
      "id": "326",
      "title": "Шотландский терьер",
      "pet_type_id": "2"
    },
    {
      "id": "327",
      "title": "Шотл-терьер",
      "pet_type_id": "2"
    },
    {
      "id": "328",
      "title": "Шпиц",
      "pet_type_id": "2"
    },
    {
      "id": "329",
      "title": "Шпиц карликовый",
      "pet_type_id": "2"
    },
    {
      "id": "330",
      "title": "Шпиц миниатюрный",
      "pet_type_id": "2"
    },
    {
      "id": "331",
      "title": "Шпиц немецкий",
      "pet_type_id": "2"
    },
    {
      "id": "332",
      "title": "Шпиц померанский",
      "pet_type_id": "2"
    },
    {
      "id": "333",
      "title": "Шпиц средний",
      "pet_type_id": "2"
    },
    {
      "id": "334",
      "title": "Шпиц-панда",
      "pet_type_id": "2"
    },
    {
      "id": "335",
      "title": "Энтлебухер зенненхунд",
      "pet_type_id": "2"
    },
    {
      "id": "336",
      "title": "Эрдельтерьер",
      "pet_type_id": "2"
    },
    {
      "id": "337",
      "title": "Эстонская гончая",
      "pet_type_id": "2"
    },
    {
      "id": "338",
      "title": "Южно-африканский бурбуль",
      "pet_type_id": "2"
    },
    {
      "id": "339",
      "title": "Южнорусская овчарка",
      "pet_type_id": "2"
    },
    {
      "id": "340",
      "title": "Ягдтерьер",
      "pet_type_id": "2"
    },
    {
      "id": "341",
      "title": "Японский пинчер",
      "pet_type_id": "2"
    },
    {
      "id": "342",
      "title": "Японский терьер",
      "pet_type_id": "2"
    },
    {
      "id": "343",
      "title": "Японский хин",
      "pet_type_id": "2"
    },
    {
      "id": "344",
      "title": "Японский ямато",
      "pet_type_id": "2"
    },
    {
      "id": "769",
      "title": "Венгерская выжла",
      "pet_type_id": "2"
    }
  ]
}