{"1":[{"firstName":"12312321","lastName":"12312321","middleName":"12321312"},{"login":"admin1","password":"5ty3WQDsdz"},{"add_client":{"title":"Создание клиента","done":"false","marks":"2","meaning":"Авраам Лапин Наумович"},"alias":{"title":"Указали кличку питомца","done":"false","marks":"0.5","meaning":"Сьюзен"},"gender":{"title":"Указали пол питомца","done":"false","marks":"0.5","meaning":"female"},"dateOfBirth":{"title":"Указали дату рождения питомца","done":"false","marks":"0.5","meaning":""},"breed":{"title":"Указали породу питомца","done":"false","marks":"0.5","meaning":"Кане-корсо"},"color":{"title":"Указали окрас питомца","done":"false","marks":"0.5","meaning":"черноподпалый"},"type":{"title":"Указали тип питомца","done":"false","marks":"0.5"},"purpose_appointment":{"title":"Указали цель обращения","done":"false","marks":"1"},"text_template":{"title":"Применили текстовый шаблон заболевания","done":"false","marks":"1"},"result_appointment":{"title":"Указали результат посещения ","done":"false","marks":"1"},"animal_diagnosis":{"title":"Указали диагноз","done":"false","marks":"2"},"type_animal_diagnosis":{"title":"Указали тип диагноза","done":"false","marks":"1"},"appointment_invoice":{"title":"Указали первичный прием ","done":"false","marks":"1"},"opening_of_abscess":{"title":"Указали в счёте вскрытие абсцесса","done":"false","marks":"1"},"sanitation_of_wound":{"title":"Указали в счёте санация раны","done":"false","marks":"1"},"injection_analgesic_antipyretic":{"title":"Указали в счёте укол обезболивающий жаропонижающий","done":"false","marks":"1"},"injection_antibiotic":{"title":"Указали в счёте укол с антибиотиком","done":"false","marks":"1"},"payment_type":{"title":"Указали тип оплаты счёта","done":"false","marks":"1"},"add_coupon":{"title":"Применение купона","done":"false","marks":"6"},"add_repeat_appointment":{"title":"Добавление повторного приема","done":"false","marks":"2"}}],"2":[{"firstName":"222","lastName":"222","middleName":"222"},{"login":"admin2","password":"wrwCS0WfOK"},{"add_client":{"title":"Создание клиента","done":"false","marks":"2","meaning":"Богдан Цветков Артемович"},"alias":{"title":"Указали кличку питомца","done":"false","marks":"0.5","meaning":"Фабби"},"gender":{"title":"Указали пол питомца","done":"false","marks":"0.5","meaning":"female"},"dateOfBirth":{"title":"Указали дату рождения питомца","done":"false","marks":"0.5","meaning":""},"breed":{"title":"Указали породу питомца","done":"false","marks":"0.5","meaning":"Кавказская овчарка"},"color":{"title":"Указали окрас питомца","done":"false","marks":"0.5","meaning":"черепаховый"},"type":{"title":"Указали тип питомца","done":"false","marks":"0.5"},"purpose_appointment":{"title":"Указали цель обращения","done":"false","marks":"1"},"text_template":{"title":"Применили текстовый шаблон заболевания","done":"false","marks":"1"},"result_appointment":{"title":"Указали результат посещения ","done":"false","marks":"1"},"animal_diagnosis":{"title":"Указали диагноз","done":"false","marks":"2"},"type_animal_diagnosis":{"title":"Указали тип диагноза","done":"false","marks":"1"},"appointment_invoice":{"title":"Указали первичный прием ","done":"false","marks":"1"},"opening_of_abscess":{"title":"Указали в счёте вскрытие абсцесса","done":"false","marks":"1"},"sanitation_of_wound":{"title":"Указали в счёте санация раны","done":"false","marks":"1"},"injection_analgesic_antipyretic":{"title":"Указали в счёте укол обезболивающий жаропонижающий","done":"false","marks":"1"},"injection_antibiotic":{"title":"Указали в счёте укол с антибиотиком","done":"false","marks":"1"},"payment_type":{"title":"Указали тип оплаты счёта","done":"false","marks":"1"},"add_coupon":{"title":"Применение купона","done":"false","marks":"6"},"add_repeat_appointment":{"title":"Добавление повторного приема","done":"false","marks":"2"}},{"add_client":"Богдан Цветков Артемович","alias":"Фабби","gender":"female","dateOfBirth":"","breed":"Кавказская овчарка","color":"черепаховый"}],"3":[{"firstName":"222","lastName":"222","middleName":"222"},{"login":"admin3","password":"rkh8MyYzPz"},{"add_client":{"title":"Создание клиента","done":"false","marks":"2","meaning":"Лев Макаров Владиславович"},"alias":{"title":"Указали кличку питомца","done":"false","marks":"0.5","meaning":"Вента"},"gender":{"title":"Указали пол питомца","done":"false","marks":"0.5","meaning":"female"},"dateOfBirth":{"title":"Указали дату рождения питомца","done":"false","marks":"0.5","meaning":""},"breed":{"title":"Указали породу питомца","done":"false","marks":"0.5","meaning":"Джек-рассел-терьер"},"color":{"title":"Указали окрас питомца","done":"false","marks":"0.5","meaning":"палевый"},"type":{"title":"Указали тип питомца","done":"false","marks":"0.5"},"purpose_appointment":{"title":"Указали цель обращения","done":"false","marks":"1"},"text_template":{"title":"Применили текстовый шаблон заболевания","done":"false","marks":"1"},"result_appointment":{"title":"Указали результат посещения ","done":"false","marks":"1"},"animal_diagnosis":{"title":"Указали диагноз","done":"false","marks":"2"},"type_animal_diagnosis":{"title":"Указали тип диагноза","done":"false","marks":"1"},"appointment_invoice":{"title":"Указали первичный прием ","done":"false","marks":"1"},"opening_of_abscess":{"title":"Указали в счёте вскрытие абсцесса","done":"false","marks":"1"},"sanitation_of_wound":{"title":"Указали в счёте санация раны","done":"false","marks":"1"},"injection_analgesic_antipyretic":{"title":"Указали в счёте укол обезболивающий жаропонижающий","done":"false","marks":"1"},"injection_antibiotic":{"title":"Указали в счёте укол с антибиотиком","done":"false","marks":"1"},"payment_type":{"title":"Указали тип оплаты счёта","done":"false","marks":"1"},"add_coupon":{"title":"Применение купона","done":"false","marks":"6"},"add_repeat_appointment":{"title":"Добавление повторного приема","done":"false","marks":"2"}},{"add_client":"Лев Макаров Владиславович","alias":"Вента","gender":"female","dateOfBirth":"","breed":"Джек-рассел-терьер","color":"палевый"}],"4":[{"firstName":"йцу","lastName":"йцу","middleName":"йцу"},{"login":"admin4","password":"EmXMVswUg2"},{"add_client":{"title":"Создание клиента","done":"false","marks":"2","meaning":"Клим Большаковвид Вячеславович"},"alias":{"title":"Указали кличку питомца","done":"false","marks":"0.5","meaning":"Анжи"},"gender":{"title":"Указали пол питомца","done":"false","marks":"0.5","meaning":"female"},"dateOfBirth":{"title":"Указали дату рождения питомца","done":"false","marks":"0.5","meaning":""},"breed":{"title":"Указали породу питомца","done":"false","marks":"0.5","meaning":"Рет-поинт"},"color":{"title":"Указали окрас питомца","done":"false","marks":"0.5","meaning":"персиковый"},"type":{"title":"Указали тип питомца","done":"false","marks":"0.5"},"purpose_appointment":{"title":"Указали цель обращения","done":"false","marks":"1"},"text_template":{"title":"Применили текстовый шаблон заболевания","done":"false","marks":"1"},"result_appointment":{"title":"Указали результат посещения ","done":"false","marks":"1"},"animal_diagnosis":{"title":"Указали диагноз","done":"false","marks":"2"},"type_animal_diagnosis":{"title":"Указали тип диагноза","done":"false","marks":"1"},"appointment_invoice":{"title":"Указали первичный прием ","done":"false","marks":"1"},"opening_of_abscess":{"title":"Указали в счёте вскрытие абсцесса","done":"false","marks":"1"},"sanitation_of_wound":{"title":"Указали в счёте санация раны","done":"false","marks":"1"},"injection_analgesic_antipyretic":{"title":"Указали в счёте укол обезболивающий жаропонижающий","done":"false","marks":"1"},"injection_antibiotic":{"title":"Указали в счёте укол с антибиотиком","done":"false","marks":"1"},"payment_type":{"title":"Указали тип оплаты счёта","done":"false","marks":"1"},"add_coupon":{"title":"Применение купона","done":"false","marks":"6"},"add_repeat_appointment":{"title":"Добавление повторного приема","done":"false","marks":"2"}},{"add_client":"Клим Большаковвид Вячеславович","alias":"Анжи","gender":"female","dateOfBirth":"","breed":"Рет-поинт","color":"персиковый"}],"5":[{"firstName":"Шумилова","lastName":"Анна","middleName":"Андреевна"},{"login":"admin5","password":"zQw68CzTil"},{"add_client":{"title":"Создание клиента","done":"false","marks":"2","meaning":"Осип Макаров Германнович"},"alias":{"title":"Указали кличку питомца","done":"false","marks":"0.5","meaning":"Абель"},"gender":{"title":"Указали пол питомца","done":"false","marks":"0.5","meaning":"female"},"dateOfBirth":{"title":"Указали дату рождения питомца","done":"false","marks":"0.5","meaning":""},"breed":{"title":"Указали породу питомца","done":"false","marks":"0.5","meaning":"Кавказский волкодав"},"color":{"title":"Указали окрас питомца","done":"false","marks":"0.5","meaning":"черноподпалый"},"type":{"title":"Указали тип питомца","done":"false","marks":"0.5"},"purpose_appointment":{"title":"Указали цель обращения","done":"false","marks":"1"},"text_template":{"title":"Применили текстовый шаблон заболевания","done":"false","marks":"1"},"result_appointment":{"title":"Указали результат посещения ","done":"false","marks":"1"},"animal_diagnosis":{"title":"Указали диагноз","done":"false","marks":"2"},"type_animal_diagnosis":{"title":"Указали тип диагноза","done":"false","marks":"1"},"appointment_invoice":{"title":"Указали первичный прием ","done":"false","marks":"1"},"opening_of_abscess":{"title":"Указали в счёте вскрытие абсцесса","done":"false","marks":"1"},"sanitation_of_wound":{"title":"Указали в счёте санация раны","done":"false","marks":"1"},"injection_analgesic_antipyretic":{"title":"Указали в счёте укол обезболивающий жаропонижающий","done":"false","marks":"1"},"injection_antibiotic":{"title":"Указали в счёте укол с антибиотиком","done":"false","marks":"1"},"payment_type":{"title":"Указали тип оплаты счёта","done":"false","marks":"1"},"add_coupon":{"title":"Применение купона","done":"false","marks":"6"},"add_repeat_appointment":{"title":"Добавление повторного приема","done":"false","marks":"2"}}],"6":[{"firstName":"123","lastName":"123","middleName":"123"},{"login":"admin6","password":"ZagNKi50Yw"},{"add_client":{"title":"Создание клиента","done":"false","marks":"2","meaning":"Абрамов  Ярослав Аристархович"},"alias":{"title":"Указали кличку питомца","done":"false","marks":"0.5","meaning":"Валгала"},"gender":{"title":"Указали пол питомца","done":"false","marks":"0.5","meaning":"female"},"dateOfBirth":{"title":"Указали дату рождения питомца","done":"false","marks":"0.5","meaning":""},"breed":{"title":"Указали породу питомца","done":"false","marks":"0.5","meaning":"Лабрадор"},"color":{"title":"Указали окрас питомца","done":"false","marks":"0.5","meaning":"черепаховый"},"type":{"title":"Указали тип питомца","done":"false","marks":"0.5"},"purpose_appointment":{"title":"Указали цель обращения","done":"false","marks":"1"},"text_template":{"title":"Применили текстовый шаблон заболевания","done":"false","marks":"1"},"result_appointment":{"title":"Указали результат посещения ","done":"false","marks":"1"},"animal_diagnosis":{"title":"Указали диагноз","done":"false","marks":"2"},"type_animal_diagnosis":{"title":"Указали тип диагноза","done":"false","marks":"1"},"appointment_invoice":{"title":"Указали первичный прием ","done":"false","marks":"1"},"opening_of_abscess":{"title":"Указали в счёте вскрытие абсцесса","done":"false","marks":"1"},"sanitation_of_wound":{"title":"Указали в счёте санация раны","done":"false","marks":"1"},"injection_analgesic_antipyretic":{"title":"Указали в счёте укол обезболивающий жаропонижающий","done":"false","marks":"1"},"injection_antibiotic":{"title":"Указали в счёте укол с антибиотиком","done":"false","marks":"1"},"payment_type":{"title":"Указали тип оплаты счёта","done":"false","marks":"1"},"add_coupon":{"title":"Применение купона","done":"false","marks":"6"},"add_repeat_appointment":{"title":"Добавление повторного приема","done":"false","marks":"2"}},{"add_client":"Абрамов  Ярослав Аристархович","alias":"Валгала","gender":"female","dateOfBirth":"","breed":"Лабрадор","color":"черепаховый"}],"7":[{"firstName":"123","lastName":"123","middleName":"123"},{"login":"admin7","password":"Lik1mFMefj"},{"add_client":{"title":"Создание клиента","done":"false","marks":"2","meaning":"Панов Бронислав Владленович"},"alias":{"title":"Указали кличку питомца","done":"false","marks":"0.5","meaning":"Гаара"},"gender":{"title":"Указали пол питомца","done":"false","marks":"0.5","meaning":"female"},"dateOfBirth":{"title":"Указали дату рождения питомца","done":"false","marks":"0.5","meaning":""},"breed":{"title":"Указали породу питомца","done":"false","marks":"0.5","meaning":"Ягдтерьер"},"color":{"title":"Указали окрас питомца","done":"false","marks":"0.5","meaning":"палевый"},"type":{"title":"Указали тип питомца","done":"false","marks":"0.5"},"purpose_appointment":{"title":"Указали цель обращения","done":"false","marks":"1"},"text_template":{"title":"Применили текстовый шаблон заболевания","done":"false","marks":"1"},"result_appointment":{"title":"Указали результат посещения ","done":"false","marks":"1"},"animal_diagnosis":{"title":"Указали диагноз","done":"false","marks":"2"},"type_animal_diagnosis":{"title":"Указали тип диагноза","done":"false","marks":"1"},"appointment_invoice":{"title":"Указали первичный прием ","done":"false","marks":"1"},"opening_of_abscess":{"title":"Указали в счёте вскрытие абсцесса","done":"false","marks":"1"},"sanitation_of_wound":{"title":"Указали в счёте санация раны","done":"false","marks":"1"},"injection_analgesic_antipyretic":{"title":"Указали в счёте укол обезболивающий жаропонижающий","done":"false","marks":"1"},"injection_antibiotic":{"title":"Указали в счёте укол с антибиотиком","done":"false","marks":"1"},"payment_type":{"title":"Указали тип оплаты счёта","done":"false","marks":"1"},"add_coupon":{"title":"Применение купона","done":"false","marks":"6"},"add_repeat_appointment":{"title":"Добавление повторного приема","done":"false","marks":"2"}},{"add_client":"Панов Бронислав Владленович","alias":"Гаара","gender":"female","dateOfBirth":"","breed":"Ягдтерьер","color":"палевый"}],"8":[{"firstName":"7","lastName":"7","middleName":"7"},{"login":"admin8","password":"rbrZS8qvHQ"},{"add_client":{"title":"Создание клиента","done":"true","marks":"2","meaning":"Веселов Дмитрий Иринеевич"},"alias":{"title":"Указали кличку питомца","done":"true","marks":"0.5","meaning":"Лисичка"},"gender":{"title":"Указали пол питомца","done":"false","marks":"0.5","meaning":"female"},"dateOfBirth":{"title":"Указали дату рождения питомца","done":"true","marks":"0.5","meaning":""},"breed":{"title":"Указали породу питомца","done":"true","marks":"0.5","meaning":"Бриар"},"color":{"title":"Указали окрас питомца","done":"true","marks":"0.5","meaning":"серебристый"},"type":{"title":"Указали тип питомца","done":"true","marks":"0.5"},"purpose_appointment":{"title":"Указали цель обращения","done":"false","marks":"1"},"text_template":{"title":"Применили текстовый шаблон заболевания","done":"false","marks":"1"},"result_appointment":{"title":"Указали результат посещения ","done":"false","marks":"1"},"animal_diagnosis":{"title":"Указали диагноз","done":"false","marks":"2"},"type_animal_diagnosis":{"title":"Указали тип диагноза","done":"false","marks":"1"},"appointment_invoice":{"title":"Указали первичный прием ","done":"false","marks":"1"},"opening_of_abscess":{"title":"Указали в счёте вскрытие абсцесса","done":"false","marks":"1"},"sanitation_of_wound":{"title":"Указали в счёте санация раны","done":"false","marks":"1"},"injection_analgesic_antipyretic":{"title":"Указали в счёте укол обезболивающий жаропонижающий","done":"false","marks":"1"},"injection_antibiotic":{"title":"Указали в счёте укол с антибиотиком","done":"false","marks":"1"},"payment_type":{"title":"Указали тип оплаты счёта","done":"false","marks":"1"},"add_coupon":{"title":"Применение купона","done":"false","marks":"6"},"add_repeat_appointment":{"title":"Добавление повторного приема","done":"false","marks":"2"}}],"9":[{"firstName":"12345","lastName":"123","middleName":"123"},{"login":"admin9","password":"2pj4GN7GCf"},{"add_client":{"title":"Создание клиента","done":"true","marks":"2","meaning":"Панов Богдан Аристархович"},"alias":{"title":"Указали кличку питомца","done":"true","marks":"0.5","meaning":"Шанси"},"gender":{"title":"Указали пол питомца","done":"false","marks":"0.5","meaning":"male"},"dateOfBirth":{"title":"Указали дату рождения питомца","done":"true","marks":"0.5","meaning":""},"breed":{"title":"Указали породу питомца","done":"true","marks":"0.5","meaning":"Родезийский Риджбек"},"color":{"title":"Указали окрас питомца","done":"true","marks":"0.5","meaning":"разнообразный"},"type":{"title":"Указали тип питомца","done":"true","marks":"0.5"},"purpose_appointment":{"title":"Указали цель обращения","done":"true","marks":"1"},"text_template":{"title":"Применили текстовый шаблон заболевания","done":"true","marks":"1"},"result_appointment":{"title":"Указали результат посещения ","done":"true","marks":"1"},"animal_diagnosis":{"title":"Указали диагноз","done":"false","marks":"2"},"type_animal_diagnosis":{"title":"Указали тип диагноза","done":"true","marks":"1"},"appointment_invoice":{"title":"Указали первичный прием ","done":"true","marks":"1"},"opening_of_abscess":{"title":"Указали в счёте вскрытие абсцесса","done":"true","marks":"1"},"sanitation_of_wound":{"title":"Указали в счёте санация раны","done":"true","marks":"1"},"injection_analgesic_antipyretic":{"title":"Указали в счёте укол обезболивающий жаропонижающий","done":"true","marks":"1"},"injection_antibiotic":{"title":"Указали в счёте укол с антибиотиком","done":"true","marks":"1"},"payment_type":{"title":"Указали тип оплаты счёта","done":"false","marks":"1"},"add_coupon":{"title":"Применение купона","done":"true","marks":"6"},"add_repeat_appointment":{"title":"Добавление повторного приема","done":"false","marks":"2"}}],"10":[{"firstName":"9","lastName":"9","middleName":"9"},{"login":"admin10","password":"eF7rIbaW4a"},{"add_client":{"title":"Создание клиента","done":"false","marks":"2","meaning":"Бобылёв Лев Тимофеевич"},"alias":{"title":"Указали кличку питомца","done":"false","marks":"0.5","meaning":"Булка"},"gender":{"title":"Указали пол питомца","done":"false","marks":"0.5","meaning":"female"},"dateOfBirth":{"title":"Указали дату рождения питомца","done":"false","marks":"0.5","meaning":"21.04.2017"},"breed":{"title":"Указали породу питомца","done":"false","marks":"0.5","meaning":"Австралийская келпи"},"color":{"title":"Указали окрас питомца","done":"false","marks":"0.5","meaning":"разнообразный"},"type":{"title":"Указали тип питомца","done":"false","marks":"0.5"},"purpose_appointment":{"title":"Указали цель обращения","done":"false","marks":"1"},"text_template":{"title":"Применили текстовый шаблон заболевания","done":"false","marks":"1"},"result_appointment":{"title":"Указали результат посещения ","done":"false","marks":"1"},"animal_diagnosis":{"title":"Указали диагноз","done":"false","marks":"2"},"type_animal_diagnosis":{"title":"Указали тип диагноза","done":"false","marks":"1"},"appointment_invoice":{"title":"Указали первичный прием ","done":"false","marks":"1"},"opening_of_abscess":{"title":"Указали в счёте вскрытие абсцесса","done":"false","marks":"1"},"sanitation_of_wound":{"title":"Указали в счёте санация раны","done":"false","marks":"1"},"injection_analgesic_antipyretic":{"title":"Указали в счёте укол обезболивающий жаропонижающий","done":"false","marks":"1"},"injection_antibiotic":{"title":"Указали в счёте укол с антибиотиком","done":"false","marks":"1"},"payment_type":{"title":"Указали тип оплаты счёта","done":"false","marks":"1"},"add_coupon":{"title":"Применение купона","done":"false","marks":"6"},"add_repeat_appointment":{"title":"Добавление повторного приема","done":"false","marks":"2"}},{"add_client":"Бобылёв Лев Тимофеевич","alias":"Булка","gender":"female","dateOfBirth":"21.04.2017","breed":"Австралийская келпи","color":"разнообразный"}],"11":[{"firstName":"цц","lastName":"цц","middleName":"цц"},{"login":"admin11","password":"pmUgJhmq3Y"},{"add_client":{"title":"Создание клиента","done":"true","marks":"2","meaning":"Бобылёв Богдан Олегович"},"alias":{"title":"Указали кличку питомца","done":"true","marks":"0.5","meaning":"Диана"},"gender":{"title":"Указали пол питомца","done":"false","marks":"0.5","meaning":"female"},"dateOfBirth":{"title":"Указали дату рождения питомца","done":"false","marks":"0.5","meaning":"21.04.2020"},"breed":{"title":"Указали породу питомца","done":"true","marks":"0.5","meaning":"Пинчер"},"color":{"title":"Указали окрас питомца","done":"false","marks":"0.5","meaning":"серый"},"type":{"title":"Указали тип питомца","done":"true","marks":"0.5"},"purpose_appointment":{"title":"Указали цель обращения","done":"true","marks":"1"},"text_template":{"title":"Применили текстовый шаблон заболевания","done":"true","marks":"1"},"result_appointment":{"title":"Указали результат посещения ","done":"true","marks":"1"},"animal_diagnosis":{"title":"Указали диагноз","done":"false","marks":"2"},"type_animal_diagnosis":{"title":"Указали тип диагноза","done":"true","marks":"1"},"appointment_invoice":{"title":"Указали первичный прием ","done":"false","marks":"1"},"opening_of_abscess":{"title":"Указали в счёте вскрытие абсцесса","done":"false","marks":"1"},"sanitation_of_wound":{"title":"Указали в счёте санация раны","done":"false","marks":"1"},"injection_analgesic_antipyretic":{"title":"Указали в счёте укол обезболивающий жаропонижающий","done":"false","marks":"1"},"injection_antibiotic":{"title":"Указали в счёте укол с антибиотиком","done":"false","marks":"1"},"payment_type":{"title":"Указали тип оплаты счёта","done":"false","marks":"1"},"add_coupon":{"title":"Применение купона","done":"false","marks":"6"},"add_repeat_appointment":{"title":"Добавление повторного приема","done":"false","marks":"2"}}],"12":[{"firstName":"rr","lastName":"r","middleName":"r"},{"login":"admin12","password":"HHQe0YPd4S"},{"add_client":{"title":"Создание клиента","done":"false","marks":"2","meaning":"Беспалов Мстислав Владленович"},"alias":{"title":"Указали кличку питомца","done":"false","marks":"0.5","meaning":"Микаелла"},"gender":{"title":"Указали пол питомца","done":"false","marks":"0.5","meaning":"female"},"dateOfBirth":{"title":"Указали дату рождения питомца","done":"false","marks":"0.5","meaning":"21.04.2019"},"breed":{"title":"Указали породу питомца","done":"false","marks":"0.5","meaning":"Кане-корсо"},"color":{"title":"Указали окрас питомца","done":"false","marks":"0.5","meaning":"белый"},"type":{"title":"Указали тип питомца","done":"false","marks":"0.5"},"purpose_appointment":{"title":"Указали цель обращения","done":"false","marks":"1"},"text_template":{"title":"Применили текстовый шаблон заболевания","done":"false","marks":"1"},"result_appointment":{"title":"Указали результат посещения ","done":"false","marks":"1"},"animal_diagnosis":{"title":"Указали диагноз","done":"false","marks":"2"},"type_animal_diagnosis":{"title":"Указали тип диагноза","done":"false","marks":"1"},"appointment_invoice":{"title":"Указали первичный прием ","done":"false","marks":"1"},"opening_of_abscess":{"title":"Указали в счёте вскрытие абсцесса","done":"false","marks":"1"},"sanitation_of_wound":{"title":"Указали в счёте санация раны","done":"false","marks":"1"},"injection_analgesic_antipyretic":{"title":"Указали в счёте укол обезболивающий жаропонижающий","done":"false","marks":"1"},"injection_antibiotic":{"title":"Указали в счёте укол с антибиотиком","done":"false","marks":"1"},"payment_type":{"title":"Указали тип оплаты счёта","done":"false","marks":"1"},"add_coupon":{"title":"Применение купона","done":"false","marks":"6"},"add_repeat_appointment":{"title":"Добавление повторного приема","done":"false","marks":"2"}}],"13":[{"firstName":"Гусельников","lastName":"Денис","middleName":"Юрьевич"},{"login":"admin13","password":"WWXfVO3HAA"},{"add_client":{"title":"Создание клиента","done":"false","marks":"2","meaning":"Галкин Авраам Тимофеевич"},"alias":{"title":"Указали кличку питомца","done":"false","marks":"0.5","meaning":"Окки"},"gender":{"title":"Указали пол питомца","done":"false","marks":"0.5","meaning":"male"},"dateOfBirth":{"title":"Указали дату рождения питомца","done":"false","marks":"0.5","meaning":"21.04.2022"},"breed":{"title":"Указали породу питомца","done":"false","marks":"0.5","meaning":"Английский бульмастиф"},"color":{"title":"Указали окрас питомца","done":"false","marks":"0.5","meaning":"палевый"},"type":{"title":"Указали тип питомца","done":"false","marks":"0.5"},"purpose_appointment":{"title":"Указали цель обращения","done":"false","marks":"1"},"text_template":{"title":"Применили текстовый шаблон заболевания","done":"false","marks":"1"},"result_appointment":{"title":"Указали результат посещения ","done":"false","marks":"1"},"animal_diagnosis":{"title":"Указали диагноз","done":"false","marks":"2"},"type_animal_diagnosis":{"title":"Указали тип диагноза","done":"false","marks":"1"},"appointment_invoice":{"title":"Указали первичный прием ","done":"false","marks":"1"},"opening_of_abscess":{"title":"Указали в счёте вскрытие абсцесса","done":"false","marks":"1"},"sanitation_of_wound":{"title":"Указали в счёте санация раны","done":"false","marks":"1"},"injection_analgesic_antipyretic":{"title":"Указали в счёте укол обезболивающий жаропонижающий","done":"false","marks":"1"},"injection_antibiotic":{"title":"Указали в счёте укол с антибиотиком","done":"false","marks":"1"},"payment_type":{"title":"Указали тип оплаты счёта","done":"false","marks":"1"},"add_coupon":{"title":"Применение купона","done":"false","marks":"6"},"add_repeat_appointment":{"title":"Добавление повторного приема","done":"false","marks":"2"}},{"add_client":"Галкин Авраам Тимофеевич","alias":"Окки","gender":"male","dateOfBirth":"21.04.2022","breed":"Английский бульмастиф","color":"палевый"}],"14":[{"firstName":"Гусельников","lastName":"Денис","middleName":"Юрьевич"},{"login":"admin14","password":"FNs7ZtZ5al"},{"add_client":{"title":"Создание клиента","done":"false","marks":"2","meaning":"Антонов Лев Михайлович"},"alias":{"title":"Указали кличку питомца","done":"false","marks":"0.5","meaning":"Фира"},"gender":{"title":"Указали пол питомца","done":"false","marks":"0.5","meaning":"female"},"dateOfBirth":{"title":"Указали дату рождения питомца","done":"false","marks":"0.5","meaning":"21.04.2021"},"breed":{"title":"Указали породу питомца","done":"false","marks":"0.5","meaning":"Чесапик-бэй"},"color":{"title":"Указали окрас питомца","done":"false","marks":"0.5","meaning":"персиковый"},"type":{"title":"Указали тип питомца","done":"false","marks":"0.5"},"purpose_appointment":{"title":"Указали цель обращения","done":"false","marks":"1"},"text_template":{"title":"Применили текстовый шаблон заболевания","done":"false","marks":"1"},"result_appointment":{"title":"Указали результат посещения ","done":"false","marks":"1"},"animal_diagnosis":{"title":"Указали диагноз","done":"false","marks":"2"},"type_animal_diagnosis":{"title":"Указали тип диагноза","done":"false","marks":"1"},"appointment_invoice":{"title":"Указали первичный прием ","done":"false","marks":"1"},"opening_of_abscess":{"title":"Указали в счёте вскрытие абсцесса","done":"false","marks":"1"},"sanitation_of_wound":{"title":"Указали в счёте санация раны","done":"false","marks":"1"},"injection_analgesic_antipyretic":{"title":"Указали в счёте укол обезболивающий жаропонижающий","done":"false","marks":"1"},"injection_antibiotic":{"title":"Указали в счёте укол с антибиотиком","done":"false","marks":"1"},"payment_type":{"title":"Указали тип оплаты счёта","done":"false","marks":"1"},"add_coupon":{"title":"Применение купона","done":"false","marks":"6"},"add_repeat_appointment":{"title":"Добавление повторного приема","done":"false","marks":"2"}},{"add_client":"Антонов Лев Михайлович","alias":"Фира","gender":"female","dateOfBirth":"21.04.2021","breed":"Чесапик-бэй","color":"персиковый"}],"15":[{"firstName":"Гусельников","lastName":"Денис","middleName":"Юрьевич"},{"login":"admin15","password":"TGBkVsxcY4"},{"add_client":{"title":"Создание клиента","done":"false","marks":"2","meaning":"Терентьевталий  Адам Игнатьевич"},"alias":{"title":"Указали кличку питомца","done":"false","marks":"0.5","meaning":"Окки"},"gender":{"title":"Указали пол питомца","done":"false","marks":"0.5","meaning":"male"},"dateOfBirth":{"title":"Указали дату рождения питомца","done":"false","marks":"0.5","meaning":"21.04.2018"},"breed":{"title":"Указали породу питомца","done":"false","marks":"0.5","meaning":"Тибетский спаниель"},"color":{"title":"Указали окрас питомца","done":"false","marks":"0.5","meaning":"черноподпалый"},"type":{"title":"Указали тип питомца","done":"false","marks":"0.5"},"purpose_appointment":{"title":"Указали цель обращения","done":"false","marks":"1"},"text_template":{"title":"Применили текстовый шаблон заболевания","done":"false","marks":"1"},"result_appointment":{"title":"Указали результат посещения ","done":"false","marks":"1"},"animal_diagnosis":{"title":"Указали диагноз","done":"false","marks":"2"},"type_animal_diagnosis":{"title":"Указали тип диагноза","done":"false","marks":"1"},"appointment_invoice":{"title":"Указали первичный прием ","done":"false","marks":"1"},"opening_of_abscess":{"title":"Указали в счёте вскрытие абсцесса","done":"false","marks":"1"},"sanitation_of_wound":{"title":"Указали в счёте санация раны","done":"false","marks":"1"},"injection_analgesic_antipyretic":{"title":"Указали в счёте укол обезболивающий жаропонижающий","done":"false","marks":"1"},"injection_antibiotic":{"title":"Указали в счёте укол с антибиотиком","done":"false","marks":"1"},"payment_type":{"title":"Указали тип оплаты счёта","done":"false","marks":"1"},"add_coupon":{"title":"Применение купона","done":"false","marks":"6"},"add_repeat_appointment":{"title":"Добавление повторного приема","done":"false","marks":"2"}},{"add_client":"Терентьевталий  Адам Игнатьевич","alias":"Окки","gender":"male","dateOfBirth":"21.04.2018","breed":"Тибетский спаниель","color":"черноподпалый"}],"16":[{"firstName":"Гусельников","lastName":"Денис","middleName":"Юрьевич"},{"login":"admin16","password":"MhnrtQiv1H"},{"add_client":{"title":"Создание клиента","done":"false","marks":"2","meaning":"Воробьёв Демьян Егорович"},"alias":{"title":"Указали кличку питомца","done":"false","marks":"0.5","meaning":"Ямми"},"gender":{"title":"Указали пол питомца","done":"false","marks":"0.5","meaning":"female"},"dateOfBirth":{"title":"Указали дату рождения питомца","done":"false","marks":"0.5","meaning":"21.10.2021"},"breed":{"title":"Указали породу питомца","done":"false","marks":"0.5","meaning":"Ирладский терьер"},"color":{"title":"Указали окрас питомца","done":"false","marks":"0.5","meaning":"палевый"},"type":{"title":"Указали тип питомца","done":"false","marks":"0.5"},"purpose_appointment":{"title":"Указали цель обращения","done":"false","marks":"1"},"text_template":{"title":"Применили текстовый шаблон заболевания","done":"false","marks":"1"},"result_appointment":{"title":"Указали результат посещения ","done":"false","marks":"1"},"animal_diagnosis":{"title":"Указали диагноз","done":"false","marks":"2"},"type_animal_diagnosis":{"title":"Указали тип диагноза","done":"false","marks":"1"},"appointment_invoice":{"title":"Указали первичный прием ","done":"false","marks":"1"},"opening_of_abscess":{"title":"Указали в счёте вскрытие абсцесса","done":"false","marks":"1"},"sanitation_of_wound":{"title":"Указали в счёте санация раны","done":"false","marks":"1"},"injection_analgesic_antipyretic":{"title":"Указали в счёте укол обезболивающий жаропонижающий","done":"false","marks":"1"},"injection_antibiotic":{"title":"Указали в счёте укол с антибиотиком","done":"false","marks":"1"},"payment_type":{"title":"Указали тип оплаты счёта","done":"false","marks":"1"},"add_coupon":{"title":"Применение купона","done":"false","marks":"6"},"add_repeat_appointment":{"title":"Добавление повторного приема","done":"false","marks":"2"}},{"add_client":"Воробьёв Демьян Егорович","alias":"Ямми","gender":"female","dateOfBirth":"21.10.2021","breed":"Ирладский терьер","color":"палевый"}],"17":[{"firstName":"Гусельников","lastName":"Денис","middleName":"Юрьевич"},{"login":"admin17","password":"22pP3NwL70"},{"add_client":{"title":"Создание клиента","done":"false","marks":"2","meaning":"Цветков Осип Дамирович"},"alias":{"title":"Указали кличку питомца","done":"false","marks":"0.5","meaning":"Айрис"},"gender":{"title":"Указали пол питомца","done":"false","marks":"0.5","meaning":"male"},"dateOfBirth":{"title":"Указали дату рождения питомца","done":"false","marks":"0.5","meaning":"21.04.2017"},"breed":{"title":"Указали породу питомца","done":"false","marks":"0.5","meaning":"Шар-пей"},"color":{"title":"Указали окрас питомца","done":"false","marks":"0.5","meaning":"рыжий"},"type":{"title":"Указали тип питомца","done":"false","marks":"0.5"},"purpose_appointment":{"title":"Указали цель обращения","done":"false","marks":"1"},"text_template":{"title":"Применили текстовый шаблон заболевания","done":"false","marks":"1"},"result_appointment":{"title":"Указали результат посещения ","done":"false","marks":"1"},"animal_diagnosis":{"title":"Указали диагноз","done":"false","marks":"2"},"type_animal_diagnosis":{"title":"Указали тип диагноза","done":"false","marks":"1"},"appointment_invoice":{"title":"Указали первичный прием ","done":"false","marks":"1"},"opening_of_abscess":{"title":"Указали в счёте вскрытие абсцесса","done":"false","marks":"1"},"sanitation_of_wound":{"title":"Указали в счёте санация раны","done":"false","marks":"1"},"injection_analgesic_antipyretic":{"title":"Указали в счёте укол обезболивающий жаропонижающий","done":"false","marks":"1"},"injection_antibiotic":{"title":"Указали в счёте укол с антибиотиком","done":"false","marks":"1"},"payment_type":{"title":"Указали тип оплаты счёта","done":"false","marks":"1"},"add_coupon":{"title":"Применение купона","done":"false","marks":"6"},"add_repeat_appointment":{"title":"Добавление повторного приема","done":"false","marks":"2"}},{"add_client":"Цветков Осип Дамирович","alias":"Айрис","gender":"male","dateOfBirth":"21.04.2017","breed":"Шар-пей","color":"рыжий"}],"18":[{"firstName":"Гусельников","lastName":"Денис","middleName":"Юрьевич"},{"login":"admin18","password":"BBgIEq9IBO"},{"add_client":{"title":"Создание клиента","done":"false","marks":"2","meaning":"Анисимов Вячеслав Мартынович"},"alias":{"title":"Указали кличку питомца","done":"false","marks":"0.5","meaning":"Лисичка"},"gender":{"title":"Указали пол питомца","done":"false","marks":"0.5","meaning":"female"},"dateOfBirth":{"title":"Указали дату рождения питомца","done":"false","marks":"0.5","meaning":"21.04.2018"},"breed":{"title":"Указали породу питомца","done":"false","marks":"0.5","meaning":"Белая швецарская овчарка"},"color":{"title":"Указали окрас питомца","done":"false","marks":"0.5","meaning":"разнообразный"},"type":{"title":"Указали тип питомца","done":"false","marks":"0.5"},"purpose_appointment":{"title":"Указали цель обращения","done":"false","marks":"1"},"text_template":{"title":"Применили текстовый шаблон заболевания","done":"false","marks":"1"},"result_appointment":{"title":"Указали результат посещения ","done":"false","marks":"1"},"animal_diagnosis":{"title":"Указали диагноз","done":"false","marks":"2"},"type_animal_diagnosis":{"title":"Указали тип диагноза","done":"false","marks":"1"},"appointment_invoice":{"title":"Указали первичный прием ","done":"false","marks":"1"},"opening_of_abscess":{"title":"Указали в счёте вскрытие абсцесса","done":"false","marks":"1"},"sanitation_of_wound":{"title":"Указали в счёте санация раны","done":"false","marks":"1"},"injection_analgesic_antipyretic":{"title":"Указали в счёте укол обезболивающий жаропонижающий","done":"false","marks":"1"},"injection_antibiotic":{"title":"Указали в счёте укол с антибиотиком","done":"false","marks":"1"},"payment_type":{"title":"Указали тип оплаты счёта","done":"false","marks":"1"},"add_coupon":{"title":"Применение купона","done":"false","marks":"6"},"add_repeat_appointment":{"title":"Добавление повторного приема","done":"false","marks":"2"}},{"add_client":"Анисимов Вячеслав Мартынович","alias":"Лисичка","gender":"female","dateOfBirth":"21.04.2018","breed":"Белая швецарская овчарка","color":"разнообразный"}],"19":[{"firstName":"Гусельников","lastName":"Денис","middleName":"Юрьевич"},{"login":"admin19","password":"AMyDwt1OX5"},{"add_client":{"title":"Создание клиента","done":"false","marks":"2","meaning":"Воробьёв Лев Тимофеевич"},"alias":{"title":"Указали кличку питомца","done":"false","marks":"0.5","meaning":"Гаара"},"gender":{"title":"Указали пол питомца","done":"false","marks":"0.5","meaning":"female"},"dateOfBirth":{"title":"Указали дату рождения питомца","done":"false","marks":"0.5","meaning":"21.04.2022"},"breed":{"title":"Указали породу питомца","done":"false","marks":"0.5","meaning":"Чау-чау"},"color":{"title":"Указали окрас питомца","done":"false","marks":"0.5","meaning":"черепаховый"},"type":{"title":"Указали тип питомца","done":"false","marks":"0.5"},"purpose_appointment":{"title":"Указали цель обращения","done":"false","marks":"1"},"text_template":{"title":"Применили текстовый шаблон заболевания","done":"false","marks":"1"},"result_appointment":{"title":"Указали результат посещения ","done":"false","marks":"1"},"animal_diagnosis":{"title":"Указали диагноз","done":"false","marks":"2"},"type_animal_diagnosis":{"title":"Указали тип диагноза","done":"false","marks":"1"},"appointment_invoice":{"title":"Указали первичный прием ","done":"false","marks":"1"},"opening_of_abscess":{"title":"Указали в счёте вскрытие абсцесса","done":"false","marks":"1"},"sanitation_of_wound":{"title":"Указали в счёте санация раны","done":"false","marks":"1"},"injection_analgesic_antipyretic":{"title":"Указали в счёте укол обезболивающий жаропонижающий","done":"false","marks":"1"},"injection_antibiotic":{"title":"Указали в счёте укол с антибиотиком","done":"false","marks":"1"},"payment_type":{"title":"Указали тип оплаты счёта","done":"false","marks":"1"},"add_coupon":{"title":"Применение купона","done":"false","marks":"6"},"add_repeat_appointment":{"title":"Добавление повторного приема","done":"false","marks":"2"}},{"add_client":"Воробьёв Лев Тимофеевич","alias":"Гаара","gender":"female","dateOfBirth":"21.04.2022","breed":"Чау-чау","color":"черепаховый"}],"20":[{"firstName":"1231","lastName":"123123","middleName":"123123"},{"login":"admin20","password":"qES9F2O22D"},{"add_client":{"title":"Создание клиента","done":"false","marks":"2","meaning":"Абрамов  Юлиан Митрофанович"},"alias":{"title":"Указали кличку питомца","done":"false","marks":"0.5","meaning":"Вента"},"gender":{"title":"Указали пол питомца","done":"false","marks":"0.5","meaning":"female"},"dateOfBirth":{"title":"Указали дату рождения питомца","done":"false","marks":"0.5","meaning":"21.04.2021"},"breed":{"title":"Указали породу питомца","done":"false","marks":"0.5","meaning":"Японский пинчер"},"color":{"title":"Указали окрас питомца","done":"false","marks":"0.5","meaning":"палевый"},"type":{"title":"Указали тип питомца","done":"false","marks":"0.5"},"purpose_appointment":{"title":"Указали цель обращения","done":"false","marks":"1"},"text_template":{"title":"Применили текстовый шаблон заболевания","done":"false","marks":"1"},"result_appointment":{"title":"Указали результат посещения ","done":"false","marks":"1"},"animal_diagnosis":{"title":"Указали диагноз","done":"false","marks":"2"},"type_animal_diagnosis":{"title":"Указали тип диагноза","done":"false","marks":"1"},"appointment_invoice":{"title":"Указали первичный прием ","done":"false","marks":"1"},"opening_of_abscess":{"title":"Указали в счёте вскрытие абсцесса","done":"false","marks":"1"},"sanitation_of_wound":{"title":"Указали в счёте санация раны","done":"false","marks":"1"},"injection_analgesic_antipyretic":{"title":"Указали в счёте укол обезболивающий жаропонижающий","done":"false","marks":"1"},"injection_antibiotic":{"title":"Указали в счёте укол с антибиотиком","done":"false","marks":"1"},"payment_type":{"title":"Указали тип оплаты счёта","done":"false","marks":"1"},"add_coupon":{"title":"Применение купона","done":"false","marks":"6"},"add_repeat_appointment":{"title":"Добавление повторного приема","done":"false","marks":"2"}},{"add_client":"Абрамов  Юлиан Митрофанович","alias":"Вента","gender":"female","dateOfBirth":"21.04.2021","breed":"Японский пинчер","color":"палевый"}],"21":[{"firstName":"1231","lastName":"123123","middleName":"123123"},{"login":"admin21","password":"QqiechSdb3"},{"add_client":{"title":"Создание клиента","done":"false","marks":"2","meaning":"Большаковвид Ибрагил Никитевич"},"alias":{"title":"Указали кличку питомца","done":"false","marks":"0.5","meaning":"Зайка"},"gender":{"title":"Указали пол питомца","done":"false","marks":"0.5","meaning":"female"},"dateOfBirth":{"title":"Указали дату рождения питомца","done":"false","marks":"0.5","meaning":"21.04.2018"},"breed":{"title":"Указали породу питомца","done":"false","marks":"0.5","meaning":"Африканский бурбуль"},"color":{"title":"Указали окрас питомца","done":"false","marks":"0.5","meaning":"лиловый"},"type":{"title":"Указали тип питомца","done":"false","marks":"0.5"},"purpose_appointment":{"title":"Указали цель обращения","done":"false","marks":"1"},"text_template":{"title":"Применили текстовый шаблон заболевания","done":"false","marks":"1"},"result_appointment":{"title":"Указали результат посещения ","done":"false","marks":"1"},"animal_diagnosis":{"title":"Указали диагноз","done":"false","marks":"2"},"type_animal_diagnosis":{"title":"Указали тип диагноза","done":"false","marks":"1"},"appointment_invoice":{"title":"Указали первичный прием ","done":"false","marks":"1"},"opening_of_abscess":{"title":"Указали в счёте вскрытие абсцесса","done":"false","marks":"1"},"sanitation_of_wound":{"title":"Указали в счёте санация раны","done":"false","marks":"1"},"injection_analgesic_antipyretic":{"title":"Указали в счёте укол обезболивающий жаропонижающий","done":"false","marks":"1"},"injection_antibiotic":{"title":"Указали в счёте укол с антибиотиком","done":"false","marks":"1"},"payment_type":{"title":"Указали тип оплаты счёта","done":"false","marks":"1"},"add_coupon":{"title":"Применение купона","done":"false","marks":"6"},"add_repeat_appointment":{"title":"Добавление повторного приема","done":"false","marks":"2"}},{"add_client":"Большаковвид Ибрагил Никитевич","alias":"Зайка","gender":"female","dateOfBirth":"21.04.2018","breed":"Африканский бурбуль","color":"лиловый"}],"22":[{"firstName":"1231","lastName":"123123","middleName":"123123"},{"login":"admin22","password":"g95npSowT6"},{"add_client":{"title":"Создание клиента","done":"true","marks":"2","meaning":"Галкин Адриан Вячеславович"},"alias":{"title":"Указали кличку питомца","done":"true","marks":"0.5","meaning":"Диана"},"gender":{"title":"Указали пол питомца","done":"true","marks":"0.5","meaning":"female"},"dateOfBirth":{"title":"Указали дату рождения питомца","done":"false","marks":"0.5","meaning":"21.04.2017"},"breed":{"title":"Указали породу питомца","done":"true","marks":"0.5","meaning":"Польская овчарка"},"color":{"title":"Указали окрас питомца","done":"true","marks":"0.5","meaning":"палевый"},"type":{"title":"Указали тип питомца","done":"true","marks":"0.5"},"purpose_appointment":{"title":"Указали цель обращения","done":"true","marks":"1"},"text_template":{"title":"Применили текстовый шаблон заболевания","done":"true","marks":"1"},"result_appointment":{"title":"Указали результат посещения ","done":"true","marks":"1"},"animal_diagnosis":{"title":"Указали диагноз","done":"true","marks":"2"},"type_animal_diagnosis":{"title":"Указали тип диагноза","done":"true","marks":"1"},"appointment_invoice":{"title":"Указали первичный прием ","done":"false","marks":"1"},"opening_of_abscess":{"title":"Указали в счёте вскрытие абсцесса","done":"false","marks":"1"},"sanitation_of_wound":{"title":"Указали в счёте санация раны","done":"false","marks":"1"},"injection_analgesic_antipyretic":{"title":"Указали в счёте укол обезболивающий жаропонижающий","done":"false","marks":"1"},"injection_antibiotic":{"title":"Указали в счёте укол с антибиотиком","done":"false","marks":"1"},"payment_type":{"title":"Указали тип оплаты счёта","done":"false","marks":"1"},"add_coupon":{"title":"Применение купона","done":"false","marks":"6"},"add_repeat_appointment":{"title":"Добавление повторного приема","done":"false","marks":"2"}}],"23":[{"firstName":"7","lastName":"7","middleName":"7"},{"login":"admin23","password":"YN1QlcDAfb"},{"add_client":{"title":"Создание клиента","done":"true","marks":"2","meaning":"Русаков Ярослав Павлович"},"alias":{"title":"Указали кличку питомца","done":"true","marks":"0.5","meaning":"Омега"},"gender":{"title":"Указали пол питомца","done":"true","marks":"0.5","meaning":"female"},"dateOfBirth":{"title":"Указали дату рождения питомца","done":"false","marks":"0.5","meaning":"21.02.2023"},"breed":{"title":"Указали породу питомца","done":"true","marks":"0.5","meaning":"Алабай"},"color":{"title":"Указали окрас питомца","done":"false","marks":"0.5","meaning":"серый"},"type":{"title":"Указали тип питомца","done":"true","marks":"0.5"},"purpose_appointment":{"title":"Указали цель обращения","done":"true","marks":"1"},"text_template":{"title":"Применили текстовый шаблон заболевания","done":"true","marks":"1"},"result_appointment":{"title":"Указали результат посещения ","done":"true","marks":"1"},"animal_diagnosis":{"title":"Указали диагноз","done":"true","marks":"2"},"type_animal_diagnosis":{"title":"Указали тип диагноза","done":"true","marks":"1"},"appointment_invoice":{"title":"Указали первичный прием ","done":"true","marks":"1"},"opening_of_abscess":{"title":"Указали в счёте вскрытие абсцесса","done":"true","marks":"1"},"sanitation_of_wound":{"title":"Указали в счёте санация раны","done":"true","marks":"1"},"injection_analgesic_antipyretic":{"title":"Указали в счёте укол обезболивающий жаропонижающий","done":"true","marks":"1"},"injection_antibiotic":{"title":"Указали в счёте укол с антибиотиком","done":"true","marks":"1"},"payment_type":{"title":"Указали тип оплаты счёта","done":"false","marks":"1"},"add_coupon":{"title":"Применение купона","done":"true","marks":"6"},"add_repeat_appointment":{"title":"Добавление повторного приема","done":"false","marks":"2"}}],"24":[{"firstName":"123","lastName":"123","middleName":"123"},{"login":"admin24","password":"b4R23RguLq"},{"add_client":{"title":"Создание клиента","done":"false","marks":"2","meaning":"Зимин Степан Павлович"},"alias":{"title":"Указали кличку питомца","done":"false","marks":"0.5","meaning":"Зайка"},"gender":{"title":"Указали пол питомца","done":"false","marks":"0.5","meaning":"female"},"dateOfBirth":{"title":"Указали дату рождения питомца","done":"false","marks":"0.5","meaning":"2022-10-21"},"breed":{"title":"Указали породу питомца","done":"false","marks":"0.5","meaning":"Китайская хохлатая"},"color":{"title":"Указали окрас питомца","done":"false","marks":"0.5","meaning":"черноподпалый"},"type":{"title":"Указали тип питомца","done":"false","marks":"0.5"},"purpose_appointment":{"title":"Указали цель обращения","done":"false","marks":"1"},"text_template":{"title":"Применили текстовый шаблон заболевания","done":"false","marks":"1"},"result_appointment":{"title":"Указали результат посещения ","done":"false","marks":"1"},"animal_diagnosis":{"title":"Указали диагноз","done":"false","marks":"2"},"type_animal_diagnosis":{"title":"Указали тип диагноза","done":"false","marks":"1"},"appointment_invoice":{"title":"Указали первичный прием ","done":"false","marks":"1"},"opening_of_abscess":{"title":"Указали в счёте вскрытие абсцесса","done":"false","marks":"1"},"sanitation_of_wound":{"title":"Указали в счёте санация раны","done":"false","marks":"1"},"injection_analgesic_antipyretic":{"title":"Указали в счёте укол обезболивающий жаропонижающий","done":"false","marks":"1"},"injection_antibiotic":{"title":"Указали в счёте укол с антибиотиком","done":"false","marks":"1"},"payment_type":{"title":"Указали тип оплаты счёта","done":"false","marks":"1"},"add_coupon":{"title":"Применение купона","done":"false","marks":"6"},"add_repeat_appointment":{"title":"Добавление повторного приема","done":"false","marks":"2"}},{"add_client":"Зимин Степан Павлович","alias":"Зайка","gender":"female","dateOfBirth":"2022-10-21","breed":"Китайская хохлатая","color":"черноподпалый"}]}