{
  "1": {
    "login": "admin1",
    "password": "5ty3WQDsdz"
  },
  "2": {
    "login": "admin2",
    "password": "wrwCS0WfOK"
  },
  "3": {
    "login": "admin3",
    "password": "rkh8MyYzPz"
  },
  "4": {
    "login": "admin4",
    "password": "EmXMVswUg2"
  },
  "5": {
    "login": "admin5",
    "password": "zQw68CzTil"
  },
  "6": {
    "login": "admin6",
    "password": "ZagNKi50Yw"
  },
  "7": {
    "login": "admin7",
    "password": "Lik1mFMefj"
  },
  "8": {
    "login": "admin8",
    "password": "rbrZS8qvHQ"
  },
  "9": {
    "login": "admin9",
    "password": "2pj4GN7GCf"
  },
  "10": {
    "login": "admin10",
    "password": "eF7rIbaW4a"
  },
  "11": {
    "login": "admin11",
    "password": "pmUgJhmq3Y"
  },
  "12": {
    "login": "admin12",
    "password": "HHQe0YPd4S"
  },
  "13": {
    "login": "admin13",
    "password": "WWXfVO3HAA"
  },
  "14": {
    "login": "admin14",
    "password": "FNs7ZtZ5al"
  },
  "15": {
    "login": "admin15",
    "password": "TGBkVsxcY4"
  },
  "16": {
    "login": "admin16",
    "password": "MhnrtQiv1H"
  },
  "17": {
    "login": "admin17",
    "password": "22pP3NwL70"
  },
  "18": {
    "login": "admin18",
    "password": "BBgIEq9IBO"
  },
  "19": {
    "login": "admin19",
    "password": "AMyDwt1OX5"
  },
  "20": {
    "login": "admin20",
    "password": "qES9F2O22D"
  },
  "21": {
    "login": "admin21",
    "password": "QqiechSdb3"
  },
  "22": {
    "login": "admin22",
    "password": "g95npSowT6"
  },
  "23": {
    "login": "admin23",
    "password": "YN1QlcDAfb"
  },
  "24": {
    "login": "admin24",
    "password": "b4R23RguLq"
  },
  "25": {
    "login": "admin25",
    "password": "ZyWLiV0Ceh"
  },
  "26": {
    "login": "admin26",
    "password": "VbkxX5rchj"
  },
  "27": {
    "login": "admin27",
    "password": "uuI7KBHHdl"
  },
  "28": {
    "login": "admin28",
    "password": "kfCZ74Amt3"
  },
  "29": {
    "login": "admin29",
    "password": "mLiZSu20wZ"
  },
  "30": {
    "login": "admin30",
    "password": "I7q8BD5atL"
  },
  "31": {
    "login": "admin31",
    "password": "p4w29ecCTH"
  },
  "32": {
    "login": "admin32",
    "password": "Y3SEDIR0sr"
  },
  "33": {
    "login": "admin33",
    "password": "RTtJErC4Ti"
  },
  "34": {
    "login": "admin34",
    "password": "vRR2CM42W3"
  },
  "35": {
    "login": "admin35",
    "password": "s4rAe4TULW"
  },
  "36": {
    "login": "admin36",
    "password": "GKOYRPmzs6"
  }
}